Ux,Uy,Vx,omegaRES
-0.4213744739072147,-0.1487173723168557,0.4108711120668122,0.0
-0.2947945372030451,0.6173542657589755,0.1849148203154704,0.0
-0.9494220953834812,-0.3981878083818861,-0.7113728087021647,0.0
-0.8995148486604723,-0.957897650678364,0.2148189746298303,0.0
0.7715445383473847,0.6617317184129856,0.116139284827109,0.0
0.3417174580963944,0.3846756490070036,-0.8068310238284593,1.0
0.1215689402376503,0.0770228458273194,0.689557339470475,0.0
-0.4053502067435237,-0.4831929238104664,0.6214298649490817,1.0
0.2377428679194591,0.1047553541268493,0.5854137234666259,0.0
-0.6341693821967174,0.2314865841519597,-0.5985598730267221,0.0
0.8347906090683486,-0.0319988224238527,0.767474311107007,0.0
0.7457244699707295,0.8425685199136237,0.8494158047665816,0.0
0.660647865354502,0.9190851295469542,-0.9306768401871368,1.0
-0.9829009414618368,-0.6617385905975128,-0.0288199087029006,0.0
0.1959454825648661,0.6200278514512318,0.979984180306274,0.0
-0.4912120414994101,-0.1877768696329373,-0.4268740718259725,0.0
0.7650522567188041,0.9627816515318824,0.5658870978518682,0.0
0.9469440752430932,0.482816093204881,0.9602471551874296,0.0
-0.3357564752441082,-0.9894049897949966,-0.2825386682718185,0.0
0.0836446352204141,-0.4824297973799558,-0.9830887964734378,0.0
-0.3053937944958671,-0.6221533964459136,-0.2640362455312419,0.0
-0.9734301738754912,0.9176732918401936,-0.7752921288961554,0.0
0.7449036246620095,0.9260163387223772,-0.8496837601017897,1.0
-0.82478883200146,-0.0535511450600429,0.6846662820640723,0.0
-0.2174307981047547,-0.0340341414802096,0.7076281295469693,0.0
-0.2528415098400884,-0.028192576347181,-0.3707961202469443,0.0
-0.2366047902785604,-0.2470463752539169,-0.9995091565609292,0.0
0.3808464180346445,0.0650059645419733,0.900651234833679,0.0
0.8941480141250961,0.5922259121210123,0.1089460668839596,0.0
0.3662000310477236,-0.0256813551140668,-0.0752742486297624,0.0
0.7170599411783338,0.8361290232239713,-0.707744304224472,1.0
-0.1031116725714633,0.3012581791748774,0.5510644205056536,0.0
0.6135961572871078,-0.6360851579119302,-0.6205173369750232,0.0
-0.1393357637172316,-0.5110350618759361,0.1205122507484679,1.0
0.1413293532522903,0.1246173314906531,-0.8360430559619663,1.0
-0.3508828281914067,0.6486814367784937,0.326066621801059,0.0
-0.4289533931088978,-0.4782021269300236,-0.6949419395278846,0.0
0.0965464513466769,0.4743528137735908,-0.3097094690846744,1.0
0.9512575477405992,-0.900479643609462,-0.3964224255766553,0.0
0.7206431236402615,-0.0822980632749079,-0.839027222720848,0.0
0.27259763746317,-0.520981612654912,0.5710570184778645,1.0
-0.1703274257722462,0.9752437016715704,0.3305018989270709,0.0
0.6715385830325791,-0.990514413094939,-0.9568992916035506,0.0
0.3102172367977214,-0.648690476165074,0.514411982134332,1.0
0.7504374989915705,-0.6918918175798063,0.8426257149105474,1.0
-0.9938221938203152,-0.74159724885164,-0.371235348907541,0.0
0.4713256907407817,0.5624406810102631,0.6444092239024022,0.0
-0.9862497170820176,-0.2172590163868133,0.5556450199474587,0.0
-0.773790653699687,-0.7540827382962128,-0.5557191400547394,0.0
-0.57173594888055,0.4868803491720077,0.6895507327892454,0.0
0.3962796787636182,-0.5051939674753292,-0.8681763254953097,0.0
-0.6044181260942028,0.0996799999124513,0.5225595043200313,0.0
-0.1577540222067077,0.681853706096688,0.5602631273802821,0.0
-0.6272705471917437,0.6391605580091737,0.428969963416997,0.0
-0.3787520508827899,0.4863095340229701,0.789015747398214,0.0
-0.6961588700075001,-0.5237281846351387,-0.6833285764115791,0.0
0.7824840936076267,-0.2110901575555761,-0.5990209040877341,0.0
0.3262694393457326,-0.8488458643220107,0.5529657099395004,1.0
-0.8749893549672829,0.6022585433727399,-0.6771695969440648,0.0
0.1821554817667952,-0.8362837209217071,0.7092281367350439,1.0
0.5228939906570906,0.4212973196700256,-0.1507065635411144,0.0
-0.9932497289124408,-0.0569790616078806,0.6419808751793312,0.0
0.4151810784057212,-0.2859507913811137,-0.6134007876743408,0.0
-0.6449003467268299,0.4963614110679757,-0.5193908894666264,0.0
-0.8548629249228539,0.7314948066613123,-0.6391381787422674,0.0
0.6133740039116642,-0.7410339564041506,0.7250314736137355,1.0
0.5895259507558517,-0.7354575377342658,-0.8462918135169706,0.0
-0.7277703904977988,0.8704555458957539,-0.3083021725651114,0.0
0.2252060303332461,0.9385791924746674,0.1450665807259092,0.0
-0.3666914327315413,-0.0954126598249911,0.7404058470186794,0.0
-0.7660424632265825,0.8872571507949965,0.3419435564331701,0.0
0.2686746319173665,-0.7550772969435455,0.6198406902509688,1.0
0.905402657204837,-0.3333815433714835,0.5294397013837118,0.0
-0.0565989067704728,-0.9417118656777544,0.9637532850576508,1.0
0.4003713225258154,-0.2029346016066449,0.3526766410745936,0.0
-0.0520501443682464,-0.9909852786368272,0.0635613531503769,1.0
0.570518418131865,-0.9596300064568684,0.5997818155874819,1.0
-0.2876475350867959,-0.4942941473109643,-0.9906580839179132,0.0
-0.9935480447748196,0.4270575431217751,-0.5785315046638089,0.0
0.4018614588553966,0.3845979477041934,0.0810304384214977,0.0
-0.1621296660867628,-0.9818489872296412,-0.8595915991174523,0.0
0.7408551503275433,0.5756255336550073,0.0043938047817759,0.0
-0.4320471540526984,0.8924910233754251,0.6202740970151996,0.0
0.8383773437003488,0.874615781507972,-0.2897443179589356,0.0
0.5145822626414913,-0.4480320145671324,0.4497705614422855,0.0
0.6607528471764335,0.0886709692785152,0.4308907669894164,0.0
0.9938446016737714,-0.8895145167869953,0.0261777470579391,0.0
0.0471508284976447,-0.9309880926468947,0.2894042840196875,1.0
0.9832691386654367,0.8518576950649455,-0.5394486680666986,0.0
-0.5302202767637474,0.1176219707071406,0.9313238913967464,0.0
0.2665900066798385,0.116649496839839,-0.1897303767639253,0.0
0.110080171954183,0.1162710081353399,0.6978294402971119,0.0
0.2471280456985478,0.1485702915113604,-0.412743923808202,1.0
0.5232129189570653,0.0620172617519132,-0.8661821979394877,0.0
0.1075925295310822,0.7308116401795861,-0.9117856913741104,1.0
0.9378299477190142,0.4785499049509301,0.7022884464432659,0.0
0.5514933908333195,0.3677441039823603,0.5263160219932361,0.0
-0.9756108513314404,-0.1129722281280964,-0.8690328868163073,0.0
-0.6510575843946507,0.8270328341309221,0.4491247632463888,0.0
-0.984931382669762,0.5503307650702314,0.7723081605981004,0.0
0.2717633398167502,-0.5620325011404921,-0.8078515177099386,0.0
-0.6235408903798998,0.3904839637282475,-0.553365758194637,0.0
0.16288840755984,-0.940022056730772,-0.7383413135642607,0.0
-0.84329800950218,0.8799654218024819,0.3837086452800713,0.0
-0.3368486795901759,-0.0592216711885578,-0.0071870719656832,0.0
-0.0760031938712086,-0.2614699461208212,-0.6905688840908486,0.0
0.7143478812856308,-0.0670848869574309,0.5111352096947752,0.0
0.4580556979988495,-0.6501418707313775,0.6830002191828348,1.0
0.8069449709351901,-0.6956791218058878,0.5880396622928457,0.0
0.5336820946708059,0.9144841217846778,-0.4590936189834496,1.0
0.3357470915982181,0.533173574729292,-0.488694666124869,1.0
-0.4828751606060131,0.5374455434282961,-0.4959785350457677,1.0
-0.7477373681785418,-0.4174335422956114,-0.964841090211952,0.0
-0.2987519648617414,-0.1608370429743617,-0.2149963110832773,0.0
0.3033661711755524,0.8082872408328234,0.6441418567773842,0.0
-0.3496928033014634,0.0085283978438766,-0.482417636033384,0.0
-0.7901963099925191,-0.6038505245370036,-0.0119330269364339,0.0
-0.6201776178067047,0.8631103123225594,-0.7609882551240077,1.0
-0.136407143167158,-0.7403397854290592,-0.4109034354008816,0.0
0.0899813756587486,-0.3623069022655567,0.7874161666756461,1.0
0.6078119944430493,0.6793135097348082,-0.1754933537757268,0.0
0.1678228152931586,-0.7899346338804312,-0.5864663006319975,0.0
0.4193415306687966,-0.1319083898789643,-0.8692720510270926,0.0
-0.1327263376597127,0.4988618161203799,0.5642287201154177,0.0
-0.2712384321444603,0.0982262124876005,0.4115696740213879,0.0
0.0838639679913226,-0.2915743430708619,0.077901286751016,1.0
0.5743471920920709,-0.9578516455718432,-0.7468914907892696,0.0
-0.5254807696579491,0.4892313369930783,-0.6579172504836261,1.0
-0.7467821441780162,0.5699778504379336,-0.1428523170359985,0.0
-0.4800367017060047,0.5401632220197501,0.7233672422007948,0.0
-0.1364952553728404,-0.5900507547688738,0.3841341023399351,1.0
-0.1099866825244371,0.5283448446058276,-0.3224715178768247,1.0
0.4255942573810689,-0.2160590790323302,-0.9527071321325242,0.0
0.0553554574612888,0.5943471771038478,-0.1594924250459977,1.0
0.1247237133131311,0.8871088650633874,0.6269080212315703,0.0
0.3157285049809593,0.7561556816938071,-0.3737552924583656,1.0
-0.1169372650047488,0.3313077786063054,-0.4265111734434119,1.0
0.1751648586993675,0.3682777113949471,-0.3850601854911579,1.0
0.0107789334858652,0.1668837996924916,0.9960018972459403,0.0
0.2576004991830682,-0.4128633258454339,0.6856928390924519,1.0
0.6928139037365915,-0.1556140229218636,0.4302156109977786,0.0
-0.4538993090731489,0.830248191491169,0.5046762118610362,0.0
0.8892089133728565,0.5303976061578393,0.98986590458163,0.0
-0.8144129656540349,-0.4499223926975566,-0.889462322763799,0.0
0.5309031626986256,0.859974308766021,-0.5835380988127372,1.0
-0.4589430932220679,0.6280831166056124,0.1370008610791404,0.0
0.3748251325583518,-0.8265598367876552,-0.5388250918760091,0.0
-0.3279064463731358,0.8472639370226052,0.1106843984432552,0.0
0.004778256686321,0.6770796156779451,0.3521084250274597,0.0
0.3937337789261963,0.4936036939255832,-0.3342689113637067,1.0
0.9957088494995648,-0.0512821611032108,-0.088091872022799,0.0
0.6251246482865676,-0.3403073755000254,-0.9532964049972896,0.0
-0.6523828132862475,0.0726707998084084,-0.425097780014291,0.0
0.3308912704234961,0.2424481713140727,-0.6663249493678078,1.0
-0.886142608974577,-0.6896249761490523,0.6586242683673735,0.0
0.3338346285810989,0.1586608567112566,-0.3612011307463578,0.0
0.2435906434141035,0.3989439839995283,-0.5751725517437682,1.0
-0.735020645273748,-0.3491632589751912,-0.5116709714303209,0.0
0.905574795994776,0.9028090573866324,-0.3724239049511844,0.0
-0.2699507451637788,0.9866529944172544,-0.7268293390537435,1.0
-0.1627149677049333,0.1516885736332449,0.200889027409256,0.0
-0.2891907410714733,0.8835424421054165,0.4638539132600492,0.0
0.4912065636073062,0.3697751902679234,-0.4757875453995035,0.0
0.3860126044464254,-0.3431750302171072,0.7068308743557343,1.0
0.3590688210574511,-0.4134421752441455,0.4314666531891238,1.0
0.1661564966995525,0.1274255065866889,-0.6810690272659508,1.0
-0.6741254824803946,-0.8148537396451254,0.0879352456647972,0.0
0.548965207149325,0.1714636271198719,-0.1520081549375416,0.0
-0.7061219868130661,0.7592070874938095,0.4677529087391521,0.0
-0.6182792617396444,0.7436958894595158,-0.3082289225228725,0.0
-0.8861048998905745,-0.2130341170271426,-0.9377212244961064,0.0
0.6160064241267706,-0.1527076292233062,0.1837069483117788,0.0
-0.6956996722480411,0.4989993770153254,-0.5025350891820672,0.0
0.4448675659106325,-0.7969529196537757,-0.7869065118869238,0.0
-0.5427242679224349,-0.5206820887098149,0.715673548493917,1.0
0.5265455032756714,-0.9765371646809292,-0.3619958019103837,0.0
0.3370691715959246,-0.6217685466791829,-0.1031032665637701,0.0
-0.8201492696662356,0.9177894342997674,0.9541552329641364,0.0
-0.1861541155976969,0.507871687860703,0.4346070185797266,0.0
-0.3371813909365828,-0.4117856875100665,-0.0603073580494577,0.0
-0.7829907129875919,-0.5202292614545783,-0.7441817300662168,0.0
-0.5903191307662365,-0.6177501834871881,-0.0452374357020712,0.0
0.6871206847284255,0.2512639410815143,-0.5490049818419491,0.0
0.066655644827932,0.3313435314188377,0.3362173375436414,0.0
0.8745153516193847,0.7275504606841523,0.0399293850062061,0.0
-0.0059035582339919,0.4218176923858137,0.6994325118936333,0.0
0.7235979413097644,0.4614920105736819,-0.5128120930915354,0.0
-0.7440912177499579,0.4465513898322584,0.252786308562817,0.0
-0.0809885772974101,-0.7034149944491894,-0.7578972469590799,0.0
0.0054627856464177,0.3967931940858737,-0.457219271514252,1.0
-0.9446169132481128,0.6209899557596614,-0.4507329998150016,0.0
-0.1303475786822743,0.5126392327439873,-0.791859321367828,1.0
0.92731618446645,-0.4059311603496784,0.1293807048866619,0.0
0.3909646795692547,-0.4626286585805488,0.8048500538647017,1.0
0.1599872992660651,-0.6765058506479456,0.0939923235913586,1.0
-0.3959312043249308,0.9879276242611936,0.3122992163777269,0.0
0.9109086725804172,-0.1078406346392493,0.3385935946912852,0.0
-0.483260245682213,-0.5061900970715096,-0.4993131733008729,0.0
-0.2725022262903391,0.3636675998757832,0.6283851491277395,0.0
0.9892382483977952,0.269128932871133,-0.0800748996828824,0.0
-0.2400744909425909,0.4646235355902046,0.814406502997602,0.0
0.1586358077916463,0.4663899616160036,0.5607153295832579,0.0
0.690604554051703,0.784896270590355,0.6830259269187138,0.0
0.8356098191647923,-0.4245565724010651,0.124214518639923,0.0
-0.4988655309957375,-0.2738608843875212,-0.5513839824559259,0.0
0.2351796163274699,-0.2279981282246805,-0.4364907452594064,0.0
-0.3662791642788972,-0.7640548414065984,-0.281843121695015,0.0
0.1992589494163932,0.5339739992844108,-0.9526225763710356,1.0
0.4644971525352042,0.2493765514845394,-0.3623781121821632,0.0
0.38485838662652,-0.9911329028885764,0.0499936951395116,0.0
-0.2845622689351306,0.8088345743354433,0.5300732485847821,0.0
-0.3511529661953381,0.9082838154547734,0.0328107689081653,0.0
-0.6317419153626695,-0.8654487970931559,0.4933030801514593,1.0
-0.8881122147414038,-0.4460780574234155,0.795290828620008,0.0
-0.809418380398675,-0.7844612514177844,0.9921966808082072,1.0
0.7897528771085016,0.1357514898902747,-0.1862634170360804,0.0
0.283481318139273,0.2956135589004827,0.7517749501003272,0.0
-0.5951625049638343,-0.884044870416812,0.8524487417472402,1.0
0.9286280038026212,0.147149443948275,-0.5283973018186414,0.0
0.4680262993039015,-0.7688622081746217,0.8519937532044177,1.0
-0.3731106222155937,0.6148846607631739,-0.955862372263349,1.0
-0.7494892391737495,-0.4354806053363143,0.5227855980879548,0.0
0.741522044029264,0.6712792617169285,-0.0472001751063495,0.0
0.6415811388050532,-0.0386650356178748,-0.3801823304020031,0.0
0.5145889766585421,-0.6730730535634863,-0.9692312767720508,0.0
0.2641005429109249,-0.1751337014505598,0.5597630610093967,1.0
-0.9837388676284876,-0.8073176232035857,0.3066856565185709,0.0
0.2674285471102606,-0.2005951693197887,-0.7274005776582722,0.0
-0.4647693364213463,-0.8870774401170765,0.4696050591366492,1.0
-0.2893242438434953,-0.4567020363032572,0.3078192891380165,1.0
-0.469360367046985,-0.1198019234222136,0.5499498852130706,0.0
-0.3283443386565376,-0.9722310876511636,0.141836398781018,1.0
-0.1543852271584027,-0.4519560586412299,-0.3485663498470104,0.0
0.931334129957064,-0.5582523263876089,-0.9424567672928136,0.0
0.4630384795414393,0.4504778026497005,-0.2791451307706558,0.0
0.3882043712232725,-0.13585186631206,0.794161678316291,0.0
-0.786143522479352,-0.768914558014558,0.3742306819332597,0.0
-0.5470882054871236,-0.6763331870945044,-0.7823612032842009,0.0
0.8644423260794691,-0.6981861110176937,0.3684852815913557,0.0
0.0973205948875728,0.1021170565046438,-0.0869038369016643,0.0
0.9335885190332311,0.0690577447036815,0.2344149341876447,0.0
0.7548112093765675,-0.114210518625063,-0.3358298599601639,0.0
0.9196058600634114,-0.8085650924282333,-0.038130706052547,0.0
-0.6928463669098179,-0.9122694081822438,0.3653021782399224,0.0
-0.6977843679216291,0.0803161873972306,0.6957972853789964,0.0
0.0019379791116225,-0.4002932309712836,0.5920066504849968,1.0
-0.1620170257776385,-0.8894250118265377,0.3047715701777331,1.0
0.846997619464944,-0.516801145915271,-0.600384449346794,0.0
-0.7432451203164383,-0.9904183400280706,-0.5377751453078605,0.0
0.641331707878523,0.9239924463505202,-0.5713885623190158,1.0
0.2027009991378012,-0.8541012315970249,-0.8982274896040605,0.0
0.6667052298331906,0.7844124850287517,-0.8936562901836678,1.0
0.6976789998949164,-0.0959285219850289,0.5101436686751686,0.0
-0.6340060099774556,-0.7375519539032172,0.4379957133377727,0.0
-0.4288089274906896,-0.4912105330278287,-0.2937595677092162,0.0
0.5021601937749778,0.4316299477292467,0.122139966965892,0.0
0.1317708747712107,-0.9035879314728564,-0.370782955589807,0.0
-0.6513023441875498,-0.1836790383232793,-0.4358083658627578,0.0
0.0824059139757118,0.733039675648151,0.3514372842686486,0.0
-0.493651100888038,-0.0261588628327029,0.037091844697972,0.0
-0.0554726824036331,-0.5638065286920095,-0.5329013847810213,0.0
0.8655051764023145,0.2737385857579641,0.2362165030509293,0.0
-0.6172458998497086,-0.1392748934646712,-0.3953304740603136,0.0
0.4956602145652318,-0.8629377936441178,0.4454966574325079,1.0
0.6489172418882427,-0.4158887347067315,0.93295595609088,0.0
-0.4422467294977366,0.4285916188895096,0.652012991829535,0.0
0.8180355138973694,0.867529246610369,-0.7417313076780299,0.0
-0.7722585979669352,0.7483930322560717,-0.4554241234125236,0.0
-0.8446121243180325,-0.7433073944310737,-0.9741803645259988,0.0
-0.636299243482108,0.9508540667211552,0.9298249792221552,0.0
-0.7752949475406838,-0.9863172286176716,0.3302439580615441,0.0
-0.7288308679991873,0.3221844872409409,0.5005809217659951,0.0
0.4620679680752964,0.8895870494140967,-0.6920513474542498,1.0
0.4205836393748299,-0.6933707357166161,0.5510146579982353,1.0
0.7679154103436623,0.5423591944618482,0.3341678802053485,0.0
0.1478805822521645,-0.7500868532532288,-0.1772356474901113,0.0
-0.8979952717538882,0.3358006341687842,0.3170084297840339,0.0
0.6212245667955667,0.53337745454232,0.3794764861909085,0.0
0.7620109286775325,0.8075948648642803,-0.8254683402478633,1.0
-0.7544313307958059,-0.1491691643439312,-0.1308011720785344,0.0
-0.6397300458034467,-0.1059260093038947,0.4621146274551813,0.0
0.4613161605372911,-0.482093485050874,0.5991418387411496,1.0
-0.4109518322616146,0.1199217442482445,0.1654603969283858,0.0
0.9254230601728042,0.2546842816667176,0.4356634088187279,0.0
0.7585197346037835,-0.4246772244130008,-0.5995902326926241,0.0
0.6042427910578718,0.6882135153206632,-0.8997502450543031,1.0
-0.5960715068455849,0.5974381555227273,-0.4463806313262985,0.0
0.2445467161524106,-0.1823115359459923,0.3070141786871543,0.0
-0.9570997129428388,-0.9877546214149466,0.8318010528477753,0.0
0.4309485383445086,-0.517674513621037,-0.5900308434413322,0.0
0.4394658278011369,-0.187869865908598,0.4697253201593947,0.0
0.7567985680094977,-0.2919418767585837,-0.1515650822446492,0.0
0.2769547866244044,-0.1309419030018703,-0.9815948467807912,0.0
-0.4887705176360006,0.539841951575663,-0.2479783651295901,0.0
0.3110669982059639,-0.7706596258567264,0.2367871357609259,1.0
-0.7667716173576542,0.0356108631463842,-0.7874507137454976,0.0
0.0890936282775154,-0.6716732282477336,-0.4221306867323375,0.0
-0.7534675426974513,-0.5395818482948544,0.5215100647451711,0.0
-0.2904855177729357,0.7346826579492789,0.2484073893257823,0.0
-0.6175546401679755,-0.5818273423481328,0.9554646972197852,1.0
0.9402481472419748,-0.9304901547085788,0.4053091133471127,0.0
0.1129183724892959,0.4402357366491587,0.9964179111298644,0.0
-0.3422298810957702,0.2639322252078866,0.3622267530863545,0.0
-0.3573938104098182,0.2783525429431639,0.7301944245558207,0.0
0.4120104789522678,0.0219444988429546,-0.9577653082568844,0.0
-0.6853400198908617,0.3281078950105152,-0.7684793181926204,0.0
-0.0882321064025462,-0.8788831205340033,-0.6668881529027706,0.0
-0.6661545605645784,0.1831302135542023,0.0912693054366426,0.0
0.1145016383750261,-0.977189274821506,-0.6770326835995577,0.0
0.0208916978883038,0.4163645823152218,-0.5736809523235351,1.0
0.5428250096277454,-0.4636780744526014,-0.0969805823821168,0.0
-0.5024695878535776,0.4680286418204036,-0.1929942048983746,0.0
-0.7693209599939399,-0.08355869670234,-0.4049691912040489,0.0
-0.697525475075194,0.5612165184278561,-0.6853246957116794,0.0
0.4119734698601627,0.8775991164280197,0.5727512472304943,0.0
-0.5243453669294074,-0.372958037818651,0.0459584092608378,0.0
-0.7491842979988348,-0.2201972040912194,-0.2553744209108726,0.0
0.5340351169324709,0.3667829527787303,-0.1247361056109435,0.0
-0.462371907273857,0.2095716525581583,-0.2083869312111517,0.0
0.3383864133870171,0.9554855137449384,0.8102561482809425,0.0
-0.6104647454161407,0.949605497660353,0.4770131068701526,0.0
-0.3212426233835204,-0.4338185947824235,0.5768760875857706,1.0
-0.946168295844628,0.3591108356880583,0.6074563505993533,0.0
-0.380073885245981,0.9578522054873384,-0.3488467983108072,1.0
0.4607876034828877,-0.1271256756267682,-0.6919220732809377,0.0
0.7445497164966242,-0.5703776241780429,-0.1026559737742978,0.0
0.5873670177734731,-0.8874349798995809,0.2896766999619644,0.0
0.4833564215226675,0.2595766426668202,-0.7956661667894731,0.0
0.3075519338901906,-0.0064065924275302,0.144897489068688,0.0
0.8518781837436105,0.6519471971589994,0.6461959135608839,0.0
-0.8353993495990109,0.2110630845972181,-0.9554025780469546,0.0
0.1644218744356393,0.0764227360211413,0.6597146431192216,0.0
0.6731634637269637,0.3594847574848681,-0.1551432403894426,0.0
0.7686585274801208,0.1710653636583485,0.6888593841538695,0.0
-0.7922100809231574,-0.4817049083181637,0.6672428642397443,0.0
0.7500892606918097,0.7401407159746589,-0.6810504296482687,0.0
0.1841381325425586,0.2497968488443223,0.4386158582217965,0.0
0.2589295712143744,0.8802371486146074,0.1565011778847145,0.0
-0.9870471798438948,0.01272546635914,0.4776046265212081,0.0
0.5933156553141168,-0.1372783974916633,-0.3245028348463012,0.0
-0.0287118042870768,-0.3720149320182808,0.2330839278940775,1.0
-0.8264898426738891,-0.8609806306248999,0.4383116734470604,0.0
0.2057582549072125,-0.7078995934421557,-0.4442570043538163,0.0
-0.9056607562523769,0.1288510932746123,0.2158374560452611,0.0
-0.2067859061054013,0.3667958429797924,0.0075599857391865,0.0
0.1669692973998426,-0.4937453838570225,-0.8855677248777549,0.0
-0.3471906430872786,-0.7312117367772097,-0.3996208457942902,0.0
0.2282211102387048,-0.0407163259574745,-0.9698116803592014,0.0
0.9645418672206842,-0.8723352761851566,-0.1609580394747176,0.0
-0.715688619685126,0.1418226830064142,-0.7870762416779054,0.0
-0.0619970176541833,-0.0354582722117142,-0.4957744377014403,0.0
0.9615399425093848,0.3077154557159223,-0.8245815210330212,0.0
0.0804042774552478,-0.3392826560158197,-0.4787024142952356,0.0
-0.0963180092878173,0.594732066738596,-0.2250748184067441,1.0
0.009324679334524,-0.3098471967931064,0.9737149518613144,1.0
-0.2738926268052197,-0.955199898824982,0.7610719432378363,1.0
0.3664025534248909,-0.6683466638794666,-0.8116776234587391,0.0
-0.8127202425792384,-0.6148848785538252,0.67605189518958,0.0
-0.4306554268800879,0.9245092705994102,0.4641422650164075,0.0
-0.6480207759889602,0.7725698517423416,0.5099052789562504,0.0
0.6265293216338512,0.2757979995577704,0.7634958141528627,0.0
-0.4569052533477946,0.7307244113056641,0.7083959403907674,0.0
0.1591061534777638,-0.8145737628344787,0.430170444693785,1.0
-0.5545203840066912,-0.4907676260520217,0.6606768533110017,1.0
-0.4917172486669441,-0.3313556022229931,-0.8360106648724062,0.0
-0.9450465626702138,-0.8813038572305381,0.0235541101099283,0.0
0.173241402647309,-0.21170691303745,0.0545813009515208,0.0
0.1372044776314596,-0.363661698032605,0.4047658713831208,1.0
-0.0246064778038466,-0.6510932610342863,0.90826304304712,1.0
0.4578594810609144,-0.3360409609346622,-0.1680187561439323,0.0
0.7051118459240633,0.8265935600438197,0.6074415840621741,0.0
0.7728985950672973,0.2941128101333683,0.7679327775989881,0.0
0.8694733698418173,0.6531642636261652,-0.1174058453443733,0.0
-0.497271655383025,0.4149142323472192,0.9535642893199576,0.0
-0.1608015928791564,0.4731091392251769,0.8547931030102887,0.0
0.4920316212632116,0.2609487900551388,0.4340876736886454,0.0
-0.1837138446757351,-0.1512893063777047,-0.5055631064531367,0.0
-0.2156591845559659,-0.6047359962034029,-0.5703774455459905,0.0
0.015451067414576,-0.6939415288590605,0.2314313387327586,1.0
0.5142015617327733,-0.9781078479862052,0.0315874055799285,0.0
-0.6659959109702416,-0.8262386510316013,-0.5343670672749992,0.0
0.420309472067478,0.8559104850172277,-0.6398359616950882,1.0
-0.0346653873250666,-0.1135280639086429,0.0718524203081043,1.0
-0.478613146496776,-0.9984587199694286,0.9829316889315064,1.0
0.6877813057190387,-0.7849549271157921,0.340546634383007,0.0
0.4072174934868799,-0.6321895683384067,-0.2045919290486024,0.0
-0.893903465616428,-0.1167847268318653,0.1276448624948176,0.0
0.8186313245444761,-0.3430699820244045,-0.1898690862317631,0.0
-0.6205066253775058,0.154434074489518,-0.8393732570869719,0.0
-0.7036670030515491,-0.4665782976784105,-0.4315173242544243,0.0
0.1131574685038303,-0.8680092785863305,0.8604335205350564,1.0
0.0665213612384569,-0.1046504589600576,0.779307285732483,1.0
0.2809436627669555,0.4139127394461031,0.545369115689055,0.0
-0.4707331628417899,-0.2724708735555603,-0.0911309068095453,0.0
0.226926952837035,-0.7796320877473197,0.9204666169687944,1.0
-0.8530850861658612,0.4154498501373014,0.457967980584393,0.0
0.8416585272841532,0.5968409694062415,-0.118728123986733,0.0
0.8105098125960863,0.511900774877297,-0.9734551199696044,0.0
-0.3267869707493145,0.4090694756303035,-0.0552813036503891,0.0
0.7862623388250962,0.4895256725146206,-0.6367119176605747,0.0
-0.984908994207598,-0.0469684313806415,-0.4190899645650034,0.0
-0.7250860644504313,0.615207428176288,-0.972010823144267,1.0
-0.0868430827196355,0.6153125140760523,0.1380188937809154,0.0
-0.6359799600928626,-0.3131318115294355,0.9082936248663628,0.0
0.9803084337060728,0.1835112425468985,-0.8756998667686131,0.0
-0.7352147289065636,0.405087291162294,0.196661716969517,0.0
-0.0401208973196152,-0.7918708537863404,0.728853067495087,1.0
0.4833001588439878,0.3388001483397787,0.6513418659133152,0.0
0.207616353317048,-0.1912583275920494,-0.5600094692796076,0.0
0.972778329109862,-0.3176792577364393,-0.9401113771083868,0.0
-0.0887489017022464,-0.5599134895749798,0.0213163449082518,1.0
0.1497696263608605,0.5610337604648379,0.8901849331727476,0.0
0.7718234821553744,-0.4393118661022201,-0.205575088886821,0.0
-0.7555533608216292,-0.5512001431563887,-0.4558943835088096,0.0
-0.6091888795076068,0.019411240985194,-0.432922902887602,0.0
0.9226641933716704,-0.9916007607658226,0.645071808555177,0.0
0.452866801531514,-0.5877096018138828,-0.5972872522724226,0.0
-0.855145473781771,-0.367935537049294,-0.2864491806775924,0.0
0.9582222417030926,-0.43557657531923,-0.9548547942149396,0.0
-0.8590276451678511,-0.2383590697409514,-0.7897936185262768,0.0
0.4047247163820844,-0.1943071251112105,-0.9363845862634784,0.0
0.9586693421791596,-0.4172611350769124,-0.8975095222802505,0.0
-0.3622965795627759,-0.2394567964670235,0.6499521068402412,1.0
0.5958152805877721,0.0218198098844193,-0.1412966705638021,0.0
0.0491512073869468,0.7401310985797329,0.2536034558290849,0.0
0.7763859270197213,0.5670080222776888,0.7006180425621196,0.0
-0.3928005864608246,-0.910935691224038,0.4176234118356536,1.0
0.0777673264904685,-0.7560181123222933,0.7289666339808305,1.0
0.1976546959859717,-0.1484169219894004,0.959277297321102,1.0
-0.1266313058585577,-0.4388413910572124,0.1097581916895136,1.0
-0.3570963950784065,-0.2688880942805702,-0.91512744335244,0.0
0.6528225919235973,0.1245895345119143,-0.0880662513806367,0.0
0.1763467515241321,-0.8080461383521784,0.742757139137044,1.0
-0.0546749449177952,-0.6880833387058798,-0.0685820920716626,0.0
0.9476439427137536,0.7854485587516811,-0.4888615041903856,0.0
0.0405339365170585,0.831061320176524,-0.7633599411054575,1.0
0.4794471979807686,0.1562935781543726,-0.4861528292442894,0.0
-0.2519004913304026,0.5528802484561801,0.8090972373136411,0.0
-0.8583977751762573,-0.4479804408142436,0.5659171881653058,0.0
0.2648474355624133,-0.3741441660671127,0.4845813653583155,1.0
-0.7375666453467038,-0.977973378449864,-0.0210617493113953,0.0
0.3311195085746974,0.2718643435996506,-0.6084940296872017,1.0
-0.2309480708992843,-0.6589174086680556,-0.2827795392184427,0.0
-0.2747930545758219,-0.9846965556712212,0.35443764136426,1.0
-0.7334401999212654,0.1393589845509342,0.1782896756156557,0.0
0.0482950618225817,-0.7787120734221256,-0.1301280207834312,0.0
0.691006991235591,-0.525508017845663,0.2108540097339968,0.0
0.0760791471659974,-0.086013795891958,-0.5798900523292785,0.0
-0.9886871404314994,0.279250124938448,0.6217338799999457,0.0
-0.2666342206273819,0.5211664644090164,0.1303562745217423,0.0
-0.211348433603896,-0.1857343178101289,0.214188691947617,0.0
0.0092054675745734,0.8871833274955159,-0.1549824248105211,1.0
0.6126134604335141,-0.0922679232757923,0.7438615123011236,0.0
0.2975988428558174,0.0249442281744072,-0.1801072204604668,0.0
-0.9479020899273304,-0.0703345852264392,-0.3153170089251906,0.0
-0.0318978227350295,-0.4097272890553325,-0.188371929955549,0.0
0.8500230681412628,-0.9306455000611952,0.407551096963568,0.0
0.2134520617241981,0.0359048402806485,0.6546460303885375,0.0
0.7957734568039805,-0.8502300051159393,-0.408128658029363,0.0
0.2667343269004827,0.1280294581691161,-0.829262173667908,1.0
-0.6883779684073947,-0.4715987732247568,-0.1439516126184814,0.0
0.4818028642232779,-0.936205485563968,0.3259302103055019,1.0
0.1157463849107369,-0.2723208264619314,0.389308286946618,1.0
-0.6407249683079781,0.8971840757355516,0.2148794463613164,0.0
-0.7459695651412883,-0.7430743116030538,-0.3447752197642126,0.0
-0.9424517991716668,0.4739046604204351,0.5617815636865797,0.0
0.173123223832138,-0.050966555717762,-0.8004101685827776,0.0
-0.2108766651780309,-0.0659734434259182,0.6227397693096965,0.0
0.9624961450443186,0.0047687522199468,-0.6239786075215064,0.0
-0.4197993990510917,0.5823659218676434,-0.6208398087279159,1.0
-0.3027019130432495,0.1823783901165383,0.584100544105371,0.0
-0.6359761915739119,0.9456915447785328,0.4703691229450986,0.0
0.3734470052454945,0.4681600215591792,-0.7373448426405975,1.0
0.7876278974256585,-0.4988243480508865,0.4178458600624462,0.0
0.7872127770883819,-0.1070563392672976,-0.4356637686252809,0.0
-0.3817454584756119,-0.8604658394654003,0.2302647486420206,1.0
-0.6795081830743637,-0.767765592943858,-0.7864288451370041,0.0
0.653195777066323,0.9462625851098604,-0.3221949893672335,0.0
0.970042414890371,-0.6637043378360448,-0.8656901935171049,0.0
-0.8431841145930559,-0.426849320708953,0.5891793903068596,0.0
0.6681263683178444,0.6251077361016897,-0.4505965262735332,0.0
-0.7283023458365929,0.3128137013065633,-0.826236959264067,0.0
0.2956027617152226,0.8200004157148875,0.5264030242311983,0.0
0.5323813915987163,0.0443105855829422,-0.3310058589663436,0.0
0.8915267200522747,-0.4945555338112322,-0.9244548491850402,0.0
-0.8597116611455555,-0.2279634303873976,-0.4975091131834939,0.0
-0.0135177434833582,0.9361405905482216,0.7823497540767017,0.0
-0.1231300555629295,-0.389113493406888,-0.7325524531004906,0.0
0.9814464356057366,-0.3457617037917968,0.2001789960016697,0.0
-0.3747574992548608,-0.2478649122174465,0.9114560988830724,1.0
-0.1193288062056154,0.1417457657877809,-0.8209242781403203,1.0
-0.3928618628299443,-0.9027040394725432,-0.360454398562013,0.0
-0.696068260989853,-0.8026158176793665,-0.6014328827282147,0.0
-0.843517159852204,0.9946878983784408,-0.7408576410035532,1.0
-0.3770234711696838,-0.4588712048098156,0.5673769980806429,1.0
0.8270144396556549,0.2485568955671535,0.7854987141004417,0.0
0.601312853015741,0.7973146750737063,0.3323741464885277,0.0
-0.0252805010853021,0.6906781512023166,-0.9875854589709092,1.0
-0.4979446222290529,0.8048049059400253,0.0712220184532075,0.0
0.0188022243148988,0.6928852776346117,-0.5505483726515494,1.0
-0.5297929598936064,0.990703077279512,-0.8947816990857878,1.0
-0.0632666411672582,-0.455689827555086,0.074455605052295,1.0
0.4311629393535461,-0.5278526194479354,-0.1613022093294516,0.0
0.9023596472024906,-0.651930246717801,0.4718602059013674,0.0
-0.3162985257403063,0.3236305491824287,-0.4936417873140601,1.0
0.6959706967471968,-0.5496113397470481,-0.2078710787561448,0.0
0.9686567132871464,-0.7669379157589136,-0.3283322197535427,0.0
-0.0346752614480598,0.1797324051192541,0.1518336946480176,0.0
-0.2874803928308784,-0.3157939460181072,0.1679619067161244,0.0
-0.9437854893795808,-0.4911102135297032,0.1472188376914982,0.0
-0.0184247082019743,-0.7327375721894525,-0.6221114643887404,0.0
-0.2360130143540102,0.5429475958573924,0.973021537281748,0.0
0.3038398763724135,0.4027758053077923,0.0472014119135155,0.0
0.2557379175433407,-0.9592053779481144,-0.391144020631913,0.0
-0.9743577220567664,0.1547218313717744,-0.5288114721237853,0.0
-0.4197248991705884,0.9148004062368268,0.6324593921207844,0.0
-0.6077560193476308,-0.3919247112455217,-0.8112083910497558,0.0
-0.7318848132140336,-0.6218451486604175,-0.5678313703452826,0.0
0.9612729691000104,-0.755937335489604,-0.437864553848327,0.0
0.6730122691070985,-0.5467867071065231,-0.8775979777206775,0.0
-0.1427348968971693,-0.2373059961333881,-0.7032122403731638,0.0
-0.1210149637040085,-0.6572120265847181,-0.4926316582229697,0.0
0.2338034253778078,-0.5759178668797587,0.3633944902767465,1.0
0.1030163794345937,-0.6942264857540557,-0.3481889744216235,0.0
0.4567800935437798,0.4772753230302955,-0.7695477298902407,1.0
-0.7823983661138332,-0.5094430423939527,-0.2132038133347389,0.0
0.9450142015551302,-0.1565979904808299,-0.9971052723622726,0.0
-0.4581268200493031,-0.8601594259174858,-0.8348042311974779,0.0
0.9191468888046136,0.1509472221915495,-0.282741153896811,0.0
-0.4003878692274401,0.3296675023117741,0.3079816870732821,0.0
0.8221951979477398,-0.307825136462837,0.0348391962974885,0.0
-0.9356767062260702,0.9043348018838596,0.0600533580492379,0.0
0.5815636556077941,-0.2063889897739612,0.2610774117508614,0.0
0.5473596095515236,0.6520596433751684,0.1844437736341133,0.0
0.9298171288688128,-0.0865863450647517,-0.6402029259373836,0.0
-0.5273281202857543,0.4156768803178237,0.4661777212127365,0.0
-0.2662465685967512,0.8640242940346046,0.4220710358048558,0.0
0.8695379928943388,0.6505933108359776,-0.8445277173020349,0.0
0.732854576750279,0.3962647487484783,0.2399360132824468,0.0
0.8459535130436389,-0.9758701954898544,-0.3984819868154949,0.0
-0.3379032157528887,0.7980051050453185,0.1237421885308929,0.0
0.9140308984096464,0.8366475454497344,-0.957611784204314,0.0
-0.136752002414543,-0.9709938844566492,-0.0036515338405074,0.0
0.5411417749266731,-0.6490833381458547,0.573744815849895,1.0
-0.7987298609025768,0.1600087746464922,-0.040507929173946,0.0
0.641769595101606,0.1692320177080384,0.0674509013439481,0.0
0.9662477799575792,0.3958851505930585,-0.9858488815934,0.0
0.9267965430749718,-0.6988444336490616,0.3907640051692269,0.0
-0.9906089418945148,0.2414294310592479,-0.0192057017971891,0.0
-0.0884681229370427,-0.7037675768095182,-0.8818648034204275,0.0
-0.416852013920554,0.6565531135244271,0.1463875661485674,0.0
-0.6626954502193527,0.6251190962182436,0.3436902582061207,0.0
-0.7229124075749154,-0.8523025670207491,-0.6288493538402873,0.0
-0.4821050661815473,0.9771069789231108,-0.1482339363073961,0.0
-0.1970511920022095,0.2721398650899029,0.4208903601642779,0.0
-0.705470701482775,0.9931933881265432,0.3713132445917437,0.0
0.9144379733159996,0.8512984310527354,-0.5028633988030908,0.0
0.8469182527471775,0.4304423590975732,-0.6457772151393673,0.0
0.5813173991011535,0.3396442887249145,-0.2197317614329046,0.0
0.726789673663077,0.917357490182236,0.7788159080071102,0.0
-0.0053732903780996,-0.4785686865567073,-0.5255862223987244,0.0
0.9895989971639914,-0.5414456873839018,-0.3112726410875528,0.0
-0.3735213182546655,0.2055043321344303,0.4286537997174942,0.0
-0.3463795766672579,0.798017986635059,-0.970346574788997,1.0
0.3161728161817232,0.4577585128242445,0.0187891966191251,0.0
-0.5605316508187528,-0.9500799275242507,-0.0133283930183956,0.0
-0.512638222066075,0.0397568207200604,0.53179739072477,0.0
-0.3993737629505807,0.7102657725378725,0.2698395931087738,0.0
-0.2884069442974428,-0.8973186165203197,-0.3984411282657982,0.0
0.4685331235029746,-0.2340705511617289,-0.9131055879501424,0.0
-0.120080021243307,-0.5620394430227496,-0.2494674776988474,0.0
0.4310533038364879,-0.7006905287339726,0.1177378040337422,0.0
0.3277730040979572,-0.6401762838468978,-0.5477859595511825,0.0
0.8827493819785444,-0.4513331024423637,-0.596674716474408,0.0
-0.4672145257950639,0.8378294964319264,-0.115828834640038,0.0
-0.5108747030760916,-0.4871983550702663,-0.4577546979712801,0.0
0.4498805138990858,-0.3330473812311996,0.9924623598593408,1.0
0.3394830541453926,-0.4783336163860259,-0.5763934636904362,0.0
-0.5003371543127186,0.5874911628676895,-0.3342825519751222,0.0
-0.6586125044866016,0.7500625140376531,-0.3003787743611912,0.0
0.2577135132764145,0.6090885102722154,0.6440150359725232,0.0
-0.5091480336075189,-0.3102505352242086,0.6601038825563448,0.0
-0.3564511032336206,-0.7688119591459917,0.0607619412758821,0.0
-0.1084097049403753,-0.9600163284731452,0.2732668253872343,1.0
-0.396509132077387,0.8621587512894646,0.4891111346094672,0.0
0.0427688154264256,-0.4704965667570184,0.622304450747279,1.0
-0.3639813976081423,-0.6782670129622959,0.4577375150881584,1.0
-0.4465419106218773,0.1548686321243149,0.2723655487726597,0.0
0.5382621552299776,0.7791752842228232,-0.2478235269625153,0.0
-0.2243717775229945,0.7157556266452791,-0.0349917691486181,0.0
0.1009614110220056,-0.73539928558608,0.3585244477942366,1.0
0.6841771788904643,0.4713915429716426,0.2267223274882761,0.0
0.5787111152190887,0.9346685293300177,-0.5790106775943582,1.0
-0.5475165649876983,-0.2438533645727962,-0.382592514713258,0.0
0.9069010283491148,0.8391666454325892,-0.1144558279360481,0.0
0.4516310583315437,-0.1566466089418789,0.0622696847496095,0.0
-0.0200914583475864,0.1493002326716497,-0.2407192380525302,1.0
0.2074770618152037,-0.1315034619784225,-0.9534820159469442,0.0
0.1612609962551809,-0.9556690584222328,0.1871418595013581,1.0
0.6580051320941116,0.8636365358565363,-0.5862101262754755,1.0
0.9427958723655114,-0.0750723886900539,0.8898002636481179,0.0
-0.2792373807584867,0.0033151441338883,-0.3393953508101917,0.0
-0.540471368198419,-0.205773534141783,0.174804441841309,0.0
0.8741586082041972,0.3134814734430236,0.2870491797055756,0.0
-0.1185576725284729,-0.1594990051917411,0.5078666191357792,1.0
0.8260113354730259,0.5039075267170399,0.6563060096560116,0.0
0.7615393304442952,-0.963567043986096,-0.8084829043837465,0.0
-0.1444739254362363,-0.418765246924081,-0.1371615591029158,0.0
-0.8850254164183464,0.8040302107854764,0.6096102974865201,0.0
-0.1040015943013963,-0.9061212651186464,-0.1786540504498728,0.0
-0.4820597476154298,0.1716616874572809,-0.5722502785456836,0.0
-0.7278106664477306,0.2572810945673864,-0.8098668506363196,0.0
0.9537363319162198,-0.7085784569740665,-0.9822195868777188,0.0
0.2285237707305338,0.8745626526640207,-0.4337127871253714,1.0
-0.5425332772590687,0.0205428766290758,0.041276678838038,0.0
-0.7339976083885402,-0.4392904036194589,-0.1793059741566791,0.0
-0.1336640718022597,-0.5112805942355554,0.8869921924481354,1.0
0.7329441217229735,-0.596214981338608,-0.3074162861322065,0.0
0.5490714643776127,-0.5378558130405149,-0.0907080243280031,0.0
-0.4284773422664534,0.953591022508131,0.7971526231139145,0.0
0.0250194106709367,0.0210166722770448,0.8870640401378556,0.0
0.5833805305929518,0.1107216276113693,0.0875551065781736,0.0
-0.5365785215128294,-0.2480300733488558,-0.0360398851995991,0.0
0.9790792916395612,0.2523015746324921,-0.4909590634115499,0.0
-0.2754994419503722,-0.0557272045764605,0.2901917904541262,0.0
-0.7224428367235349,0.4093505637514354,-0.5099084715125879,0.0
0.4359662248478488,-0.3369300630443546,-0.5454762362663441,0.0
-0.3253216363905957,0.1709097101532819,-0.8919736383093588,1.0
-0.5151723547510081,-0.1386497277159268,0.3013884663023785,0.0
0.1063115556877356,0.9512270220481316,0.9725381346860458,0.0
-0.1891139957351064,0.383698941897,0.5704937754153607,0.0
-0.5239362814163435,0.3850112401846317,0.1140426612263094,0.0
0.0597653658584258,-0.9578947194648336,0.4064006015653003,1.0
0.2015610196053927,-0.2915019893868031,0.648298101210447,1.0
-0.8727561307935743,-0.1645208584128477,0.5259622453626043,0.0
-0.7754314965892,0.4283401614929472,-0.4377192629039599,0.0
0.8367633831077887,0.5958736794081871,0.5708474856887067,0.0
0.4193141405738103,0.67380976240799,0.1353436772772769,0.0
0.5018366920359008,-0.9100481299218526,-0.5188098515090034,0.0
0.4997036060729953,-0.3281278100894924,0.8791028433158461,1.0
-0.1988058517975057,-0.7533284184504587,-0.8997378635463518,0.0
-0.180551435443139,0.3326045885966391,-0.6122187353862505,1.0
-0.8512266866763119,-0.6872196436074278,0.8777606691651834,0.0
0.3107669802457069,-0.7224510293312847,-0.5703722104207047,0.0
0.0093845418491018,-0.6140109897488093,-0.214641547664063,0.0
0.9978832221271344,0.2435370577571425,-0.2929858320692216,0.0
0.6723865200450578,-0.0337412439348336,0.4775615495028786,0.0
0.2135966987727364,0.4524198851883669,0.4961991299441204,0.0
-0.0417368978724062,-0.2037563979502217,-0.2253078428233608,0.0
0.083704291909781,-0.7141721061737416,0.5884366359280853,1.0
0.9051296428301928,-0.1723266830601257,-0.7380596648229749,0.0
0.5672010834385641,0.5883247658331376,-0.9354964751080534,1.0
0.2217979587062861,-0.0213346667716425,0.4471147349636819,0.0
0.7281970832662348,-0.5024378847104205,-0.7174504863298485,0.0
0.0979966565069392,0.1885388299925192,0.6246261827611206,0.0
0.4187875973499626,0.4615801731419533,-0.1376564313150956,0.0
-0.9798619444632092,0.0557912011134644,0.0995752741454876,0.0
0.0772779605564115,-0.0626059732734374,0.5547363801074878,1.0
0.9032914997699062,-0.2212655517309518,-0.8244475261287689,0.0
0.0303605703631963,-0.9272032758155018,0.335536378969139,1.0
-0.5279500243437822,0.0907248826914444,0.1883885041794675,0.0
-0.524596266504495,0.4889415447875318,0.5796029226268378,0.0
0.7378988440321597,0.7265198936563777,0.4683821052715957,0.0
-0.2014751260173375,0.7747358496710215,-0.5503997422323486,1.0
-0.6645805525125463,-0.3128153289994499,-0.239172438092079,0.0
-0.6247889094725858,-0.5939264098479702,-0.0757867984769005,0.0
-0.0028419741203919,0.2218163380131022,-0.4210053920983376,1.0
0.2253959205691489,-0.3350688572247937,-0.8234389797804311,0.0
0.7196968599420945,0.0174402717074217,0.8542680344944373,0.0
0.4230279286177427,-0.9871983404271604,0.833488215531409,1.0
-0.6423535976304529,0.260951889449454,0.4529005716867951,0.0
0.8466900137319529,-0.8126726118076244,-0.7232245188858326,0.0
0.5385200486184021,-0.0034296256125245,-0.1430959172146264,0.0
0.8659658624760016,0.7441555236798238,-0.0808368862815607,0.0
0.3007013391676743,0.1015948947082694,0.3946816893728087,0.0
-0.9017477809867244,-0.2414805207000758,-0.260994076372625,0.0
-0.0856393593088469,-0.21923666434705,-0.7866291416561553,0.0
0.4153988550827552,-0.814479790097226,0.7503884207849238,1.0
0.7944138939991718,-0.7344144817926381,-0.4882194284504948,0.0
-0.8764621600194566,-0.0246617076186894,0.34741863479592,0.0
0.5752947298798923,-0.4945217640890715,-0.0639522080734877,0.0
0.7421080169896648,-0.030837371471164,0.2920946347264346,0.0
0.4234940148423978,-0.697648476683481,-0.9570515186886688,0.0
0.2557311901257888,-0.4967196778321099,0.5861931030653484,1.0
-0.016076575842447,-0.4739218888684171,-0.2288765833278869,0.0
-0.1523988475906939,0.8389505769617114,-0.1696443009812218,1.0
-0.0511138773064594,-0.6168939323583789,-0.9253948479646764,0.0
-0.4400896007844106,-0.2971394654128272,-0.871982205539235,0.0
0.5267817713956178,0.1684320047111134,-0.5402290112815067,0.0
-0.6965918375782083,-0.7765973633031706,0.4878743667194416,0.0
-0.6801939141389657,-0.775819951935451,-0.9190791728517128,0.0
0.3502831646687052,0.3419805379604534,-0.0668948254548102,0.0
-0.4275025461663946,0.92133764129016,0.4131533874307214,0.0
-0.0522565013231202,-0.2219882507996258,0.4584556840173215,1.0
0.491101862550916,0.1006351522373771,-0.6015110337248648,0.0
-0.85199446910457,-0.7759081764412594,0.6742966893551814,0.0
0.4574880583172411,-0.4092970096306321,0.1323571297542896,0.0
0.3289207000090295,0.2594812910025987,0.8864181025209028,0.0
-0.2619798952369261,0.91491737399887,0.2095419211995948,0.0
-0.5335295483797227,0.3407840476002706,-0.5802573149239838,0.0
-0.1132399223686511,-0.3432099046319241,-0.3277413207246913,0.0
-0.5048567516664169,-0.5454722090852178,-0.5209157789095411,0.0
0.2799416469721523,-0.0093923943881806,0.7040270553400096,0.0
-0.7883044634705301,0.2005969991869667,-0.8613840516199505,0.0
-0.1210434788687409,0.909276637317258,0.9343147686222664,0.0
-0.1924843167438821,-0.1556813414362674,0.0185982231661774,0.0
-0.3531540687994396,0.2426083785706574,0.687623034834643,0.0
0.0580679879635941,-0.5278409229992223,0.95829813556131,1.0
0.266574447633179,0.1043866607006267,0.7797764503983751,0.0
-0.3919381174636285,0.0252558658074526,-0.5903160716887261,0.0
0.4304139832243969,-0.8250638721265973,-0.0221751713933608,0.0
-0.4936945151715208,-0.2813281316638418,-0.2167203291648154,0.0
0.5216494951042332,-0.6387731894554081,0.7816985255899356,1.0
0.3696864686928727,-0.7429774913773144,0.328011154652428,1.0
-0.9263844983238108,0.992983818799828,0.008427732949743,0.0
0.2139466944143713,-0.4638100058672008,0.5740684869698358,1.0
0.999705426603891,-0.91841121154023,0.9827760705505704,0.0
0.4056962607848831,0.1408289999975063,-0.84999538665506,0.0
0.7747931765208826,0.6575346174793473,0.3271611586612877,0.0
0.9927909671116116,0.7783205536754685,0.3803351732320399,0.0
0.4971915920842527,0.6476361956710412,0.0921317134173285,0.0
0.2749644177134198,-0.6206574992394585,0.2004862429623346,1.0
0.3147760115274411,0.2805514165124574,0.6723403107839079,0.0
-0.6516627362423735,0.8196997231600103,0.3802022711593555,0.0
-0.4279067696233598,-0.076733258382051,0.0351092383052227,0.0
-0.1089630069591158,-0.7152616131579481,-0.9210870390553948,0.0
0.1141313449912235,0.1280438860976838,0.9588877892809622,0.0
-0.8707285495918944,0.4952207489014646,-0.7764078281942011,0.0
0.6752381899543547,0.7383000350884994,-0.1756055465485353,0.0
-0.6896569447849417,-0.1218093706123155,0.8272910043945765,0.0
-0.680734199430832,0.7848107125793016,-0.8458548251510765,1.0
-0.7896698170470076,0.5083805837973092,0.3327850826216916,0.0
-0.3016491432224579,0.0761458607092688,0.920492948026127,0.0
-0.4269499624048769,0.0155374927834259,0.6654523087034165,0.0
0.6845434480820383,-0.0446738114169058,-0.8747667251636262,0.0
0.6779275259777318,-0.6782179628836948,-0.0605744191664692,0.0
0.8018366258158038,0.1605337280154941,-0.1517222900761086,0.0
0.7103904100033607,0.2633377110801953,0.0278348280691194,0.0
0.0098496099604459,-0.3773891981181103,0.2132494894041465,1.0
0.1215220827507685,-0.7443091428252695,0.3148981928489778,1.0
-0.9133539229823452,-0.0833084845744758,0.2776937060666724,0.0
0.941839339687182,0.9637621000852272,-0.8761337395385005,0.0
0.6546579345520229,-0.7142848259525858,0.816489178406014,1.0
0.4614453339661475,-0.3660238803459044,-0.6389832219290619,0.0
-0.1958768453593475,-0.4484385781230744,-0.56973291276581,0.0
0.4998744603400351,-0.9146197904568428,-0.9139997313498152,0.0
-0.033933402304384,0.0129764357383388,0.9212226528682186,0.0
0.2335750751136713,-0.9487735131123644,0.4712085972809539,1.0
0.7046092544391269,-0.1688872444300895,0.2595293353249908,0.0
0.1229924517356668,-0.7708047773949147,0.8747653306184802,1.0
-0.0464794018071634,-0.1434608402013695,-0.0404565700487851,0.0
0.9037823278568388,-0.7689539098212699,0.867064397966804,0.0
0.913861695189628,0.361007358226888,-0.9975870870453298,0.0
-0.7230073892165565,0.3099583425400991,-0.0339141125660569,0.0
-0.5062337587290979,-0.9056096310591336,0.4296388203134782,1.0
0.994601882564923,0.4788208840208436,-0.551467073021255,0.0
-0.6257245458945113,0.1170186395013253,0.2956530777776014,0.0
0.4095091157350849,0.2439147066938116,0.6717823694940455,0.0
-0.4563341419031261,-0.8256389890024662,-0.6388465660304785,0.0
0.8378054036234694,0.5088577068776394,-0.9331735658150472,0.0
0.0132080495622504,0.7068140380584982,-0.2826320993311941,1.0
-0.1880349681095372,-0.3531669285026,0.3126424723490868,1.0
-0.1898567245553488,0.4536201053120614,0.9931963121086778,0.0
0.8684103003098098,-0.2772759141578627,-0.350678679713456,0.0
-0.8922487315324972,-0.5624450545508182,0.0149010950292132,0.0
-0.465979482275785,-0.6115696957399426,-0.1726737737537695,0.0
-0.4737405611547967,-0.90902305503514,0.8162922583488221,1.0
-0.7146985192686299,0.7169068338764566,-0.6643604084383603,0.0
0.1071818242737943,0.7750343521428069,-0.3631008452825228,1.0
-0.810002961686811,0.8672303409185496,-0.3495606004119085,0.0
-0.1630225952201867,0.3430029454083405,-0.5762337696751569,1.0
-0.1997277880276591,-0.4882580484128658,-0.5304863224606031,0.0
0.8032742970305742,-0.8682233034103486,0.1268921127547273,0.0
-0.4445436333961812,-0.0866128713063796,0.4826474194450887,0.0
-0.1479774845591901,0.1226620300741676,0.5391885166548944,0.0
0.8945433931798137,-0.9316566161817084,0.951725335388146,1.0
0.1372981301226636,-0.7766671362139461,0.7856226794059542,1.0
0.0471488113573888,-0.4869097219894314,0.1033082883367721,1.0
0.2514519564387267,0.6105380693173854,0.3390993146843071,0.0
-0.6787962076946037,-0.6824123080579834,-0.6333874582481689,0.0
0.3950749697537976,0.7579792897087512,0.476347451359336,0.0
-0.1582999323231806,-0.3419641638835231,0.5897974404223207,1.0
-0.3850683659451928,0.7485848807246345,-0.600852694681574,1.0
-0.4963863721425483,0.5486786100867116,0.0012931889234364,0.0
0.9280515420382264,0.799772940258964,0.2584765872442032,0.0
-0.9893874852892566,-0.4489690608088992,0.673222589103019,0.0
-0.8726677130991431,0.3530022344311514,-0.3006977412914899,0.0
0.048791157327138,0.7235852364999,0.3093066745555797,0.0
-0.4212027729597172,0.6721309671637581,0.6276059937358793,0.0
-0.1738832020275993,-0.6109948183342859,-0.5005415809006639,0.0
0.5661008108550998,0.4611630080746509,-0.8966883284661846,1.0
0.311026222462571,-0.6463413289924578,-0.4959809237661448,0.0
0.0106645622884504,-0.5011831137709439,0.5395061305496958,1.0
-0.1634980576577844,0.1984947082472308,0.8592803023017006,0.0
0.6861719502710992,-0.6261743193905658,0.591627674484756,0.0
0.4900586328493022,0.3056623312372215,-0.0737010304315366,0.0
0.6182625190988393,-0.5178057473868798,0.538267542608986,0.0
-0.7744696623086049,-0.5225855653497646,-0.9914959824397612,0.0
-0.1874568460160293,-0.7948683186555503,-0.9241936014144644,0.0
0.7096663817227713,0.3749531409411231,0.2232111844559252,0.0
0.0377325258356162,0.8297278312403578,0.3803725913144478,0.0
-0.2261327149245733,-0.8374400055605471,0.861475896604941,1.0
-0.0006666931396501,0.8765382925000265,-0.4945375111508001,1.0
0.3020171837293053,0.3078252380106947,-0.6860915204365987,1.0
0.015581251988975,-0.5121898891449286,-0.1587225074122491,0.0
-0.6006780469410793,0.5742309943062374,0.0491126778253097,0.0
-0.5512939754105795,0.0771830717692385,-0.2779694195103908,0.0
0.4529403427660707,-0.4759717318580645,-0.625251921711552,0.0
0.1287733532692487,0.0303907321455265,0.196958461874668,0.0
0.6744922610787549,-0.5121892868585669,0.198858208811673,0.0
-0.2321254225250035,0.8668040566066797,-0.9135824294188152,1.0
0.5646449994804046,-0.2720461419955939,0.7413576660497523,0.0
0.373198756762924,0.1196841915975417,-0.0679470551696066,0.0
-0.0970265035129773,-0.6599694886736807,-0.9632751034044972,0.0
-0.773750248805172,-0.0124124768744937,-0.5728438019431015,0.0
-0.2219213644365119,-0.3357797494861723,0.1602709844297531,1.0
-0.5702455323944848,-0.4568646577251154,0.0868353900151452,0.0
-0.6189975024297132,0.3636501263644827,-0.6208562715593198,0.0
0.7799741562721154,-0.5528572411562589,0.5271810513601172,0.0
-0.3312055461193208,-0.7255288481980373,0.3449376280642071,1.0
0.5531228122973244,-0.3853816483581953,-0.7439158161197403,0.0
0.1742980251972328,-0.4688835887519766,-0.1981865135067944,0.0
-0.7667073627036547,-0.7428205149312725,0.7639697700857773,0.0
-0.1979287808267211,0.0655734618015662,-0.514280744373899,0.0
0.3718441947606057,0.963864413823328,-0.954840483890663,1.0
0.9294276369285092,-0.0770761224956355,0.7451530420511752,0.0
-0.2105059290987183,-0.6074928365755707,-0.1779201898715425,0.0
-0.955162118597275,-0.7209380535280425,-0.6609580287896104,0.0
0.3278432105564131,-0.489476023655166,-0.9962714418146804,0.0
0.9829142398434464,-0.5593417025843699,0.6905306770858242,0.0
0.0066295653911137,0.4135021336251985,-0.7812816491471437,1.0
-0.8181554625169893,-0.4601492607900139,-0.0880728426793497,0.0
-0.2652388059843957,-0.8919965943653132,-0.1212044695387093,0.0
0.6193585270630877,0.0748954542643791,0.7059097656334774,0.0
0.366601650937788,-0.2061088863222813,0.0276664387812537,0.0
0.7853680485229768,0.7208738915161781,-0.8531103591979388,0.0
-0.7681740833515502,-0.4156393728000762,-0.0827021547737834,0.0
-0.4322721478530931,0.2235682606884979,0.6486864194320032,0.0
-0.336972910498263,-0.3614638534782002,0.2076924368890476,0.0
-0.0538335604768343,0.5390305116130529,0.2653860662636913,0.0
-0.5173070477428912,-0.2720103540992189,-0.1689001382887303,0.0
-0.1877120686480058,0.272092570772289,0.4354749607355743,0.0
-0.5479629610047916,0.2943723127114397,-0.0373178326315279,0.0
0.023732091329901,-0.005895888400945,-0.7013228410867502,0.0
0.6215438284223154,-0.3170155055908272,-0.0773534046364696,0.0
0.6889495521409046,-0.4401783742254945,-0.0704615866883664,0.0
-0.6045208343095076,0.3985418585582485,0.8441082934160355,0.0
0.3378606149292784,0.5407467796306538,0.4936858630877903,0.0
-0.7221387128599359,0.7402349980247886,-0.1894142299257022,0.0
-0.3945175565122134,-0.7088636918797415,-0.1323844836436813,0.0
0.7771649958334512,-0.6523171968505728,-0.4594693530097067,0.0
-0.916595425693469,0.0181699227972098,-0.1802934150444575,0.0
-0.3111299717690843,0.1509454802618464,0.6489279637248997,0.0
0.5630036578528015,-0.8780944494728717,0.9220267211436216,1.0
0.6152067372488981,-0.5692339551665366,-0.4940046980160577,0.0
-0.5001902908475806,0.6691589408531347,0.6487216807296439,0.0
0.0464593719290125,0.2464421434354389,-0.0520707240065705,1.0
0.2631052111488272,-0.914218243354766,0.2267761117163105,1.0
-0.3283427276813486,0.0589900947758184,0.7673067954642434,0.0
0.8508692347238609,-0.8237555514574155,-0.2231525695060263,0.0
-0.0691410937455465,-0.1487127937452903,0.8972433205031296,1.0
0.9924580702096416,0.6323349117496528,0.4144993676484452,0.0
0.1571931420980907,-0.4495215695425294,0.4125025230668131,1.0
0.8470894448564135,-0.819132738879248,-0.9907465564471644,0.0
-0.2785170234773115,0.7305850420248996,-0.2476840173399828,1.0
0.6590263315828617,-0.2976564446850565,0.3904640044870939,0.0
0.3781372668128284,-0.7263649796577853,0.1710074363143219,0.0
-0.3856390735760451,0.057187285826074,-0.1488473782357471,0.0
0.4793454238387524,0.1702674261060699,0.4255308666607942,0.0
0.0039333422291156,0.1437113416312807,-0.1511142131597931,1.0
-0.6340963745574442,0.7412830449026957,0.0298888259235403,0.0
-0.1788136111733904,0.9527192734800856,0.1673256611824536,0.0
0.0671269073744578,0.4584748287411266,0.357703488735253,0.0
-0.1986948798638002,-0.4764301600150393,0.1809965167933025,1.0
-0.5348945937155873,0.2031240520624029,0.5177456818349155,0.0
-0.2085915066260211,-0.06614794323858,0.5765824744871684,0.0
-0.7717612114174517,0.5287212266585712,0.6874619515645706,0.0
0.4627225777108892,-0.7572397501342341,0.5768896601505682,1.0
0.6207835225433613,0.6196957831224323,-0.4236565475310616,0.0
0.2622027922869032,-0.6207005374191026,0.4972709442349701,1.0
0.5592429299178583,-0.3690279704748613,-0.2430559250554609,0.0
0.946386099869875,-0.8597882072198946,-0.2049673186989229,0.0
-0.9815814136885525,0.2420858439266435,-0.522814737570084,0.0
0.9210581250771914,0.923015945741502,0.4559505284163532,0.0
0.0793159792241304,-0.1369353746382489,-0.9918409053777888,0.0
-0.8307553955580782,0.1274746141613332,0.6813587323944132,0.0
0.2178138119911346,0.2802367767392189,-0.2587233935528841,1.0
-0.1220328472235705,-0.7027525079315808,0.91576211936073,1.0
-0.829695114466102,-0.6268379372811876,0.3168436993805736,0.0
-0.9976298554966174,0.0441746675231873,-0.957458072286924,0.0
0.9479822109716716,-0.8668269877378822,-0.0060532034599258,0.0
0.800119794258308,0.5937151803080218,-0.2831913255892373,0.0
0.6787556762645703,-0.5950314183267034,-0.6007786235360733,0.0
-0.0470198435627833,-0.3632881033738824,-0.8657683527083289,0.0
0.4041962508059933,-0.6267177480285349,-0.7483560260296558,0.0
-0.0778702100191643,-0.9630239497123068,0.9950293752170318,1.0
0.8595115826971391,-0.0063944189434101,-0.7671813408825106,0.0
0.3254307458248346,0.767571511811225,0.1511202293971916,0.0
-0.2212401846263876,-0.9626579925493316,-0.7729539001376875,0.0
0.9957040099815004,-0.0062641087188877,-0.8512699561764407,0.0
-0.8744105717412658,0.7701715473287445,0.9732688900066068,0.0
-0.9756037694173908,-0.924907626354852,0.1976567700348301,0.0
-0.2442687699720989,0.9887595164832056,0.437954969908463,0.0
-0.2968286262473818,0.2306980859242839,-0.6863245513192944,1.0
0.9150076848256194,-0.764323369813297,0.6354188068423827,0.0
-0.4074141952663022,0.5692167381860493,-0.1676920198931275,0.0
0.6259302233982813,-0.2046054100570382,0.2451283180876597,0.0
-0.9508844668292492,-0.654348679996527,-0.7497942503616972,0.0
-0.6830068885066749,-0.2493598525997404,-0.3949292846494734,0.0
0.8774522307504302,0.0553127071256305,0.0519810749103455,0.0
0.6811303244122062,0.2214570807006186,0.1328158145458429,0.0
-0.1450918265601215,-0.0769500404473086,0.9843663125538986,1.0
-0.9566633283753816,-0.0628442762976597,-0.2419284349209185,0.0
-0.2180814657580589,0.4481340173997117,0.5947760041138024,0.0
-0.3941422057863724,-0.4261384107856589,-0.2408715802061849,0.0
-0.3221822222524475,0.2272758077496117,0.102525392216227,0.0
-0.6876991205337948,0.4567542525503603,0.7328823523972909,0.0
0.7928860846757093,-0.0991219151452222,-0.5337988006761247,0.0
-0.9714345699236632,0.98668847173306,0.2510788628115279,0.0
0.3268256381073053,0.6089893826105626,0.0425700223587466,0.0
-0.326210865451195,-0.44884532244803,0.7192867084969308,1.0
-0.561380150664937,-0.6271043686041702,0.9670329266040418,1.0
0.1548825806306168,-0.2742272508331613,-0.3325398264234465,0.0
0.0612599093135717,0.754097955692909,-0.0681157460761041,1.0
-0.159063841180636,0.3615808904810695,-0.8231173537490848,1.0
0.859249660948896,0.4386212897906421,-0.9348061284834688,0.0
-0.8565419916105916,-0.0452080290131895,-0.9565599627566151,0.0
-0.0207715434003499,0.6759683325218244,0.0138600844829799,0.0
0.5192034784850352,0.2219300418756571,0.6956744069295102,0.0
0.1629553626677526,0.2195140790975838,-0.1303919174278907,1.0
-0.9354091793998084,0.0550626479805198,0.7606330393598246,0.0
-0.2094549224090531,-0.6864347012581968,0.1725044417085097,1.0
-0.3097401964052051,-0.9960363964607186,-0.7946412640778588,0.0
0.1095507275404739,0.5172522590403343,-0.7703261874685334,1.0
0.5293287780065237,0.117679665568539,-0.3293122115640656,0.0
-0.2546729148883841,0.1928908624590497,-0.1496218812217093,0.0
0.9655901005392902,-0.3736647145734708,0.9382422372451606,0.0
-0.0580198336241106,-0.2130110028077105,0.1870000763744517,1.0
0.5049081168902263,0.2411865560269952,0.3695793848084372,0.0
-0.7353336130281518,-0.0223064528006839,-0.6108503745457401,0.0
-0.6176539553381857,0.3656980688967066,0.9379428568131194,0.0
-0.5395613093948948,-0.5996282789796297,0.5187685393853712,1.0
-0.8744439194816152,-0.8553908167376392,0.2034404731604091,0.0
-0.9870884236071568,0.474850206448238,0.5960425707546739,0.0
0.3076341642181648,-0.2067342351178711,-0.6584315633340123,0.0
-0.2453900066647678,-0.7739927125123629,0.540043152380931,1.0
0.6373894469357158,-0.9206036693906032,-0.3987287068541574,0.0
0.971714971338296,0.4302990596158833,-0.4449856650421995,0.0
-0.4879869780262704,-0.204657616060536,0.9833924417954112,0.0
0.4176267478919357,-0.7875238052085483,0.5203656625844395,1.0
0.5418462598617066,0.964130304957624,0.6676037246940243,0.0
0.9026340683009556,0.0758609024414673,0.3145520978895411,0.0
0.4900761346289766,-0.6001487164917378,-0.6244360676355671,0.0
-0.4298633764833974,-0.1664519169914859,-0.111367010144588,0.0
0.0080856411150451,0.9082641916408912,0.2716034946522156,0.0
0.2552101141347285,-0.9566950694652384,-0.2710778324167939,0.0
-0.3362040712361662,-0.653204103405703,0.4983726608679764,1.0
0.787768415601007,-0.0715040085617351,-0.3217943764110342,0.0
0.5861264340049543,0.0712907454695952,-0.1541871900477529,0.0
0.1729919966676001,-0.7984817037767213,0.0403157276700301,1.0
0.8285543050098716,-0.5039591177060441,-0.2363401275167729,0.0
0.1122503436698496,-0.0530392232879886,-0.8403604269389537,0.0
-0.5428442934990905,0.3133177723636744,-0.5853968861904018,0.0
0.4787979610100894,-0.1281980450809487,0.7515619132697042,0.0
-0.0103065699624214,0.4449130382367672,0.1354284038348483,0.0
-0.240208722749559,-0.0488239712191109,-0.9745197402148648,0.0
0.0209867902310738,0.0253163151631725,0.1924623684408797,0.0
0.7261832162896882,-0.4185531683477672,0.4606403694577667,0.0
-0.0883348201304041,-0.0622983223072153,-0.7967360152533927,0.0
0.2625776438485718,0.2084609084775865,0.3349016626899486,0.0
-0.7389788321682269,0.1654256555792175,-0.144048088911429,0.0
-0.2298982486581133,-0.4179987731277534,-0.0005804825614363,0.0
0.3530324021177908,0.9120245095125232,-0.7851278505638557,1.0
-0.9888014630416528,0.8900837575826119,0.3849508341657337,0.0
0.2746806461523872,0.3751743313594653,-0.951607921870991,1.0
-0.3987549258150693,-0.9776606542507548,-0.8864058428090358,0.0
0.7629206216128983,-0.4725327445931446,0.59980417800483,0.0
0.508347858708301,-0.4324381579980616,-0.5278294260030933,0.0
0.7070042205916964,0.4035586076930608,-0.886112938458397,0.0
0.5115014868036039,-0.1585688947792667,0.6651034676334695,0.0
-0.8764668711249715,0.0674274728129131,0.4470115474688962,0.0
-0.0083976732457511,0.3198682241990125,-0.3162963609215117,1.0
-0.3310475788538085,0.1618822736311582,-0.0415961231553949,0.0
0.793430675557947,-0.8953261792968223,-0.1219616253652804,0.0
0.5503708257737903,-0.6917881600838471,-0.9127112473241769,0.0
-0.2662049571630043,-0.7884241648049866,0.3226160697335383,1.0
0.7411790127794811,0.5038048488353439,0.6790407041522226,0.0
0.9216105060847306,-0.513410685759673,0.3486495198618238,0.0
0.9849189844779868,0.6135546284469999,-0.096204745445193,0.0
-0.0265677988394008,0.5132241629201653,-0.8872104631149456,1.0
-0.7776572666619082,0.30168902264103,0.719402259322028,0.0
0.1635212573239437,-0.3169052196843551,-0.3590494049623896,0.0
-0.4428352476414372,0.4153102651570426,0.9640470665143142,0.0
-0.0159842058288115,-0.3206787158399762,0.4499112519316752,1.0
0.1302366253273781,-0.2618380979381467,-0.7040791998960303,0.0
-0.6594167952069061,-0.9468666806100552,0.0009190329920969,0.0
-0.757125917123622,0.5836723646302979,-0.8182907963978046,0.0
0.6065404998200243,0.0538020347434029,-0.5486454581318547,0.0
0.5541357920201206,0.6351817071262391,-0.622947216317222,1.0
0.5429350120211827,-0.7787056287362619,-0.8507817370202264,0.0
